Asset_ID,Zone,Asset_Type,Age_Years,Run_Hours,Vibration,Temperature,Pressure,Failure
A-0000,South,Pump,11,4997,2.4,75.8,5.85,0
A-0001,South,Valve,9,8433,2.79,54.0,3.73,0
A-0002,North,Pump,13,19019,3.64,79.0,4.57,0
A-0003,South,Pump,18,7227,3.13,62.4,5.84,1
A-0004,Central,Valve,11,12656,2.27,95.5,5.94,0
A-0005,West,Sensor,15,18449,2.26,81.3,3.06,0
A-0006,West,Pump,19,17192,3.11,70.2,6.79,0
A-0007,North,Sensor,1,9127,4.03,66.1,7.03,0
A-0008,East,Valve,4,8868,2.65,73.7,2.97,0
A-0009,North,Sensor,14,17022,1.94,82.4,3.52,0
A-0010,South,Sensor,14,17077,1.31,74.7,7.14,0
A-0011,East,Sensor,3,16077,0.77,72.4,4.74,0
A-0012,South,Sensor,17,13972,3.3,75.7,1.0,1
A-0013,Central,Sensor,3,1442,3.19,67.8,2.48,0
A-0014,South,Pump,16,5120,3.19,70.9,4.55,0
A-0015,Central,Pump,14,16695,2.35,50.0,2.91,0
A-0016,Central,Pump,13,11654,4.19,86.7,4.26,1
A-0017,South,Valve,15,6853,1.92,78.6,5.06,0
A-0018,South,Sensor,14,9645,3.65,65.7,7.63,0
A-0019,Central,Pump,19,9994,2.45,97.8,4.48,1
A-0020,East,Valve,6,14062,1.77,76.0,6.93,0
A-0021,Central,Pump,10,3380,3.21,62.6,7.57,0
A-0022,West,Pump,15,1045,2.99,85.3,7.58,0
A-0023,Central,Sensor,6,14632,2.93,79.8,5.51,0
A-0024,East,Valve,10,13804,2.6,79.7,1.47,0
A-0025,West,Sensor,7,2427,2.45,69.9,5.83,0
A-0026,North,Sensor,17,16888,5.37,80.4,6.89,0
A-0027,North,Pump,18,12173,3.92,71.9,4.85,1
A-0028,East,Sensor,17,15872,3.37,81.7,8.14,0
A-0029,Central,Valve,9,3163,2.63,52.1,6.55,0
A-0030,South,Sensor,10,15533,3.71,69.8,6.02,1
A-0031,East,Sensor,10,9965,3.12,95.7,6.96,0
A-0032,West,Sensor,7,3826,2.53,65.8,5.6,1
A-0033,West,Pump,16,4159,2.14,67.8,0.51,1
A-0034,North,Valve,18,18015,2.4,69.6,4.1,1
A-0035,West,Pump,6,5263,-1.3,60.4,7.15,0
A-0036,East,Pump,1,11328,2.75,48.5,3.55,0
A-0037,West,Pump,1,15320,1.91,72.2,4.6,0
A-0038,East,Pump,12,11721,4.41,76.6,3.12,1
A-0039,South,Pump,2,11711,2.52,74.4,8.21,0
A-0040,North,Valve,4,14069,1.07,73.3,8.03,0
A-0041,West,Sensor,17,5592,2.44,75.5,3.41,0
A-0042,East,Pump,4,6522,1.24,87.3,5.27,0
A-0043,Central,Pump,11,13069,3.07,72.7,3.78,0
A-0044,North,Valve,4,14015,2.85,68.1,6.11,1
A-0045,South,Valve,1,6659,3.65,71.6,5.92,0
A-0046,East,Sensor,7,13723,1.55,82.0,6.46,0
A-0047,South,Valve,18,8945,2.54,91.9,5.6,1
A-0048,South,Sensor,9,11522,0.86,67.5,10.28,0
A-0049,West,Pump,3,3544,3.34,76.2,3.15,0
A-0050,West,Pump,8,10112,3.12,79.1,1.92,0
A-0051,East,Sensor,19,6136,3.09,63.1,4.29,0
A-0052,Central,Valve,4,12093,2.5,75.2,2.18,0
A-0053,East,Sensor,18,16679,3.0,57.4,2.31,1
A-0054,Central,Valve,11,3392,4.43,53.8,3.2,0
A-0055,South,Pump,14,6312,2.16,79.4,3.34,0
A-0056,North,Valve,18,1154,2.67,70.4,3.28,0
A-0057,East,Sensor,16,17643,1.2,77.4,5.93,0
A-0058,East,Sensor,3,2298,1.46,74.8,4.09,0
A-0059,Central,Pump,15,5659,2.62,63.3,4.68,0
A-0060,South,Valve,4,12118,3.82,74.5,6.61,0
A-0061,South,Valve,5,8946,2.19,60.2,3.62,0
A-0062,Central,Valve,17,4323,2.22,91.7,4.52,0
A-0063,South,Pump,7,16599,2.01,58.7,5.66,0
A-0064,West,Valve,16,18760,1.86,72.7,1.51,0
A-0065,North,Sensor,14,8287,2.85,62.5,0.71,0
A-0066,East,Valve,16,11696,0.7,81.8,5.62,1
A-0067,North,Pump,7,6880,4.04,71.0,5.89,0
A-0068,East,Valve,9,17892,1.7,68.8,8.72,0
A-0069,West,Valve,4,10202,3.37,85.2,5.28,1
A-0070,South,Sensor,11,19392,0.98,75.4,6.48,1
A-0071,Central,Valve,2,3182,3.3,81.2,4.65,0
A-0072,West,Sensor,12,1489,3.31,63.2,5.54,0
A-0073,North,Sensor,12,12976,2.96,58.1,8.0,0
A-0074,Central,Pump,4,8946,1.31,76.3,1.18,0
A-0075,South,Sensor,18,5211,2.8,71.2,5.74,1
A-0076,West,Sensor,7,6979,1.08,82.5,8.84,0
A-0077,Central,Pump,1,13661,2.2,74.0,5.51,0
A-0078,West,Sensor,13,15135,3.74,77.5,7.97,1
A-0079,West,Pump,6,8575,3.46,55.5,3.87,0
A-0080,South,Valve,6,1507,2.52,97.7,4.94,0
A-0081,East,Pump,12,8188,1.33,73.0,5.06,1
A-0082,Central,Sensor,8,11263,3.27,83.4,1.01,0
A-0083,South,Pump,19,4408,2.52,65.0,2.9,0
A-0084,West,Sensor,5,19687,-0.28,78.7,3.03,1
A-0085,South,Valve,18,12457,3.44,59.4,6.48,0
A-0086,East,Pump,5,4879,2.47,80.4,6.57,0
A-0087,Central,Valve,10,16982,3.94,70.7,5.58,0
A-0088,East,Sensor,1,1377,1.19,75.4,6.48,0
A-0089,North,Sensor,10,16085,-1.31,83.4,4.7,0
A-0090,Central,Valve,5,18752,2.83,60.2,7.16,0
A-0091,East,Pump,12,19549,2.85,66.8,5.02,0
A-0092,West,Pump,7,18272,0.47,80.5,5.1,0
A-0093,Central,Sensor,9,19299,1.33,100.2,4.52,0
A-0094,Central,Valve,12,3137,5.81,73.3,6.23,0
A-0095,South,Valve,1,7742,2.13,82.1,4.24,1
A-0096,West,Pump,11,9757,3.38,73.7,6.76,0
A-0097,North,Pump,15,9113,1.72,98.3,2.96,0
A-0098,East,Pump,2,3383,-0.01,54.0,3.02,0
A-0099,South,Valve,7,1704,2.3,76.1,6.24,0
A-0100,East,Pump,12,17428,2.18,55.5,4.84,0
A-0101,North,Pump,18,12331,2.02,44.9,4.18,1
A-0102,North,Sensor,3,15964,2.36,78.6,6.6,0
A-0103,Central,Pump,7,18107,2.82,76.7,3.91,1
A-0104,North,Pump,11,14494,2.32,71.6,4.64,0
A-0105,East,Valve,18,7020,0.98,73.7,7.52,0
A-0106,West,Valve,12,1154,3.08,112.2,7.77,1
A-0107,West,Sensor,6,19330,0.16,71.9,7.83,0
A-0108,Central,Pump,5,8912,0.04,81.1,4.49,0
A-0109,East,Sensor,1,4166,3.39,67.2,7.22,1
A-0110,East,Valve,12,4777,3.11,78.5,3.29,1
A-0111,North,Sensor,11,19453,2.43,72.1,3.37,1
A-0112,East,Valve,4,6015,0.83,70.1,0.77,0
A-0113,South,Sensor,18,9705,1.65,96.8,8.01,0
A-0114,North,Sensor,4,15698,2.18,89.1,3.44,0
A-0115,South,Pump,17,4485,0.58,76.6,4.77,0
A-0116,Central,Sensor,2,13635,1.61,47.3,3.36,1
A-0117,West,Pump,2,8667,3.28,70.7,6.25,0
A-0118,Central,Pump,12,7948,4.21,107.4,4.32,0
A-0119,West,Pump,6,19903,2.0,72.2,2.65,0
A-0120,Central,Pump,10,4181,3.41,88.2,5.79,0
A-0121,East,Sensor,16,17456,0.2,92.3,2.42,1
A-0122,South,Valve,14,10024,3.29,77.6,3.49,0
A-0123,West,Valve,7,5253,1.54,64.9,1.21,0
A-0124,North,Valve,19,7582,2.87,45.8,2.44,1
A-0125,South,Sensor,17,4502,2.2,83.2,5.32,0
A-0126,North,Pump,9,6129,4.08,65.2,1.46,0
A-0127,South,Valve,13,12778,1.45,77.1,2.33,0
A-0128,South,Sensor,5,8917,3.25,60.0,5.0,0
A-0129,Central,Pump,5,2497,2.16,71.8,4.02,0
A-0130,West,Valve,10,9463,2.31,75.4,8.59,1
A-0131,West,Pump,10,16284,2.28,78.2,8.3,0
A-0132,South,Valve,7,5024,1.49,61.6,3.44,1
A-0133,East,Valve,15,3907,2.48,89.4,6.0,1
A-0134,East,Valve,7,7231,2.42,67.8,6.35,0
A-0135,North,Pump,15,8295,2.79,54.9,3.92,0
A-0136,North,Sensor,3,11832,2.6,73.7,2.31,0
A-0137,Central,Pump,19,19677,3.46,75.4,4.98,0
A-0138,South,Valve,10,3411,3.61,76.9,4.69,1
A-0139,North,Pump,15,19299,1.24,91.3,4.22,0
A-0140,North,Sensor,3,17134,3.54,72.2,5.8,0
A-0141,South,Pump,6,15694,1.08,73.6,3.65,0
A-0142,Central,Sensor,12,5451,3.21,61.8,2.93,0
A-0143,North,Sensor,15,8598,3.24,84.8,5.2,0
A-0144,Central,Pump,6,16617,0.21,77.2,5.69,0
A-0145,West,Valve,13,8602,2.61,70.0,2.88,0
A-0146,Central,Sensor,19,6065,1.94,52.1,6.67,0
A-0147,East,Pump,3,1673,1.59,92.3,1.81,0
A-0148,East,Sensor,8,9124,4.12,60.3,3.96,0
A-0149,Central,Valve,8,14894,1.72,67.9,4.54,0
A-0150,East,Pump,15,13756,1.53,79.3,3.85,0
A-0151,West,Pump,4,1335,2.59,60.6,3.98,0
A-0152,South,Pump,19,19146,3.32,57.1,8.37,0
A-0153,East,Valve,3,12324,2.33,49.5,3.47,1
A-0154,East,Sensor,13,5067,3.9,83.7,9.39,0
A-0155,Central,Pump,8,4315,3.14,68.5,5.79,0
A-0156,West,Sensor,16,17130,-0.11,110.1,5.17,1
A-0157,South,Sensor,13,2929,1.86,63.1,5.86,1
A-0158,Central,Valve,3,9682,1.83,63.9,9.55,0
A-0159,Central,Pump,16,9618,3.08,68.2,3.21,0
A-0160,West,Sensor,9,12130,-0.65,77.9,2.98,0
A-0161,South,Pump,14,3107,5.56,69.4,3.64,0
A-0162,West,Pump,13,6430,3.14,82.3,5.06,1
A-0163,South,Valve,7,4522,2.68,63.3,1.89,0
A-0164,West,Pump,15,12491,3.92,58.4,5.04,0
A-0165,Central,Pump,7,7117,5.31,53.4,8.05,0
A-0166,Central,Sensor,6,3651,3.54,48.3,5.27,0
A-0167,North,Valve,2,6080,3.64,68.8,4.47,0
A-0168,East,Pump,9,7554,2.66,71.4,3.89,1
A-0169,West,Sensor,17,8119,2.33,67.4,6.62,0
A-0170,North,Valve,5,16323,1.93,89.9,3.51,0
A-0171,East,Valve,12,13747,1.51,89.7,8.32,0
A-0172,West,Sensor,1,5073,1.68,71.0,8.48,0
A-0173,South,Sensor,10,15839,0.88,53.5,5.46,0
A-0174,East,Sensor,11,3991,2.41,68.2,4.98,1
A-0175,Central,Sensor,16,1206,0.48,67.8,6.86,0
A-0176,North,Sensor,14,16228,2.73,67.1,6.97,1
A-0177,East,Pump,8,7497,2.46,66.6,3.55,0
A-0178,East,Pump,17,5733,2.68,67.2,4.05,0
A-0179,Central,Valve,18,6255,1.87,70.4,2.62,0
A-0180,West,Pump,12,18218,6.19,67.4,5.74,0
A-0181,South,Pump,17,18731,4.13,77.5,6.2,1
A-0182,Central,Pump,14,7351,1.01,79.3,2.57,0
A-0183,South,Sensor,16,12626,2.78,64.1,4.18,0
A-0184,West,Valve,14,8365,1.77,90.3,2.57,0
A-0185,East,Valve,9,12618,1.28,63.2,3.38,1
A-0186,South,Valve,4,3817,0.89,55.6,5.99,0
A-0187,North,Valve,11,12712,3.02,79.6,3.68,0
A-0188,North,Pump,6,11847,1.68,65.2,4.46,0
A-0189,Central,Pump,15,10890,3.66,78.9,2.07,0
A-0190,West,Sensor,5,15363,3.69,46.2,5.34,0
A-0191,Central,Valve,11,17048,4.15,91.7,4.92,1
A-0192,Central,Pump,18,7560,1.48,83.1,3.69,0
A-0193,Central,Pump,13,16004,3.07,57.0,4.66,0
A-0194,North,Sensor,11,3557,3.26,57.3,5.32,0
A-0195,North,Sensor,14,4928,1.93,95.1,3.53,0
A-0196,Central,Sensor,18,902,1.57,66.2,2.34,0
A-0197,North,Pump,19,9105,4.43,65.0,8.25,1
A-0198,West,Pump,15,16261,2.77,47.8,3.86,1
A-0199,Central,Sensor,9,1367,3.26,70.8,4.83,1
A-0200,North,Valve,8,14279,1.51,72.3,6.82,1
A-0201,South,Sensor,1,15655,1.04,83.6,11.35,0
A-0202,Central,Sensor,4,8710,1.82,58.2,2.76,0
A-0203,Central,Sensor,14,864,2.35,56.8,5.81,0
A-0204,West,Sensor,2,15866,1.22,80.4,3.73,0
A-0205,East,Pump,16,7071,2.49,87.1,4.03,0
A-0206,East,Valve,3,17463,0.47,56.1,3.7,0
A-0207,West,Sensor,8,14517,1.16,88.0,2.97,0
A-0208,West,Valve,6,6968,3.31,75.5,4.93,1
A-0209,West,Valve,16,4650,3.22,88.1,2.35,0
A-0210,East,Valve,16,13565,2.03,74.2,6.7,1
A-0211,West,Sensor,7,19923,1.28,44.7,5.1,0
A-0212,North,Pump,13,4637,1.27,73.2,5.76,0
A-0213,Central,Sensor,13,12736,2.05,87.7,4.16,0
A-0214,Central,Valve,5,17336,3.27,64.3,4.34,0
A-0215,South,Valve,18,12653,3.61,70.3,5.52,0
A-0216,South,Pump,15,14333,1.9,72.9,2.9,0
A-0217,Central,Sensor,18,1881,1.12,40.2,4.36,0
A-0218,North,Valve,2,8654,2.82,95.1,3.45,0
A-0219,East,Pump,10,1967,1.51,64.2,3.4,0
A-0220,East,Valve,13,13939,1.88,81.1,1.2,0
A-0221,North,Pump,18,19622,4.09,74.0,7.41,0
A-0222,East,Pump,15,17764,3.49,90.1,3.76,0
A-0223,West,Sensor,12,12506,2.69,79.9,7.09,0
A-0224,Central,Valve,15,3649,0.97,72.2,6.92,0
A-0225,Central,Sensor,13,8392,2.75,64.3,2.69,0
A-0226,North,Valve,18,16636,3.78,84.6,3.04,0
A-0227,East,Sensor,15,1668,2.05,52.5,9.61,0
A-0228,South,Valve,11,12856,4.12,82.8,8.15,0
A-0229,South,Sensor,19,3629,4.05,61.8,4.94,0
A-0230,East,Pump,3,15532,4.5,90.0,5.46,0
A-0231,South,Valve,7,3026,2.87,76.9,3.86,0
A-0232,North,Valve,14,11559,3.2,82.7,5.78,0
A-0233,North,Pump,14,4016,4.2,76.0,3.71,0
A-0234,East,Sensor,13,10886,3.04,54.0,1.34,0
A-0235,South,Valve,12,4055,1.9,64.7,2.62,0
A-0236,North,Valve,9,16512,1.96,83.1,5.04,0
A-0237,North,Sensor,1,14657,2.79,77.0,2.96,0
A-0238,West,Pump,19,5611,0.95,89.2,4.88,0
A-0239,West,Sensor,11,7252,2.33,79.8,3.07,0
A-0240,North,Sensor,19,17329,3.82,63.4,3.59,0
A-0241,East,Sensor,18,6864,-0.13,65.4,6.54,1
A-0242,Central,Valve,12,4126,4.34,76.2,5.45,1
A-0243,Central,Pump,1,4375,3.85,47.2,4.98,0
A-0244,North,Pump,19,5997,1.95,95.1,6.58,0
A-0245,North,Sensor,17,16479,3.15,80.3,5.87,0
A-0246,North,Valve,5,12029,2.5,89.7,7.6,0
A-0247,East,Sensor,3,17145,3.98,56.0,4.17,1
A-0248,West,Valve,2,13882,3.68,89.9,4.23,1
A-0249,North,Valve,3,4525,0.82,101.8,2.66,0
A-0250,North,Valve,8,10958,3.2,59.1,4.23,0
A-0251,South,Valve,16,14344,2.25,84.3,6.74,0
A-0252,East,Pump,6,4675,2.6,75.0,7.34,0
A-0253,North,Valve,13,9674,1.63,56.5,6.73,1
A-0254,South,Valve,16,3943,4.6,80.9,1.77,1
A-0255,Central,Sensor,16,11225,3.75,85.0,6.95,0
A-0256,North,Sensor,3,1193,1.61,67.8,1.69,0
A-0257,North,Pump,13,8847,0.9,89.0,6.62,0
A-0258,South,Sensor,14,12280,2.04,55.0,4.34,0
A-0259,East,Valve,8,18696,3.02,57.1,6.26,1
A-0260,North,Sensor,12,14341,2.79,76.6,2.6,0
A-0261,Central,Pump,8,14754,4.0,75.3,7.11,0
A-0262,North,Sensor,9,14521,3.45,66.4,2.36,0
A-0263,Central,Sensor,1,13868,3.66,84.7,3.8,1
A-0264,West,Pump,6,6224,2.89,81.4,3.2,0
A-0265,West,Pump,19,1907,0.83,85.3,1.84,1
A-0266,Central,Valve,11,8532,2.27,73.5,5.17,1
A-0267,East,Sensor,11,15072,3.77,82.2,8.25,1
A-0268,North,Valve,13,18294,2.44,69.7,9.8,0
A-0269,North,Sensor,11,7894,3.1,99.6,5.17,0
A-0270,West,Sensor,18,17435,2.12,65.2,7.01,0
A-0271,Central,Valve,15,12086,1.26,100.3,5.42,0
A-0272,North,Sensor,1,13426,2.35,75.4,5.9,0
A-0273,North,Sensor,7,1497,2.87,58.5,4.38,0
A-0274,East,Sensor,13,14890,1.71,91.4,5.35,0
A-0275,South,Pump,12,6599,2.22,76.5,5.97,1
A-0276,West,Valve,18,14009,1.37,85.2,3.96,0
A-0277,West,Pump,19,5990,3.84,89.7,4.86,0
A-0278,South,Valve,15,6116,2.15,79.1,4.89,0
A-0279,North,Valve,8,16458,4.24,67.9,6.49,0
A-0280,East,Sensor,19,2748,4.33,86.7,3.08,1
A-0281,East,Valve,10,17732,2.4,75.0,4.91,0
A-0282,West,Pump,7,11248,1.29,83.2,8.44,1
A-0283,East,Pump,18,11014,-0.0,49.2,7.1,0
A-0284,South,Pump,16,9195,0.73,80.4,7.43,0
A-0285,North,Valve,6,8570,0.85,67.3,5.04,0
A-0286,South,Pump,9,9394,4.15,94.8,5.58,0
A-0287,Central,Valve,13,17198,2.64,82.5,6.8,0
A-0288,West,Pump,8,15623,2.97,77.9,7.81,0
A-0289,East,Pump,16,2876,-0.16,80.8,1.49,0
A-0290,Central,Valve,13,4878,1.06,63.0,2.63,0
A-0291,East,Pump,13,11682,3.56,94.5,7.36,0
A-0292,North,Sensor,17,1074,2.84,98.9,4.5,1
A-0293,North,Valve,5,13830,2.32,79.7,3.79,0
A-0294,North,Valve,17,9449,3.18,94.1,2.74,0
A-0295,East,Valve,9,19694,4.46,68.2,4.0,0
A-0296,Central,Sensor,2,6170,2.23,65.4,2.48,1
A-0297,North,Valve,18,7067,2.58,75.5,8.76,1
A-0298,Central,Pump,9,13216,2.73,80.2,4.96,0
A-0299,East,Pump,6,6617,5.37,70.3,4.9,0
A-0300,Central,Pump,11,8337,-0.02,81.5,6.06,0
A-0301,East,Valve,6,17087,3.32,78.7,6.73,1
A-0302,East,Pump,6,15031,2.36,63.0,6.7,1
A-0303,West,Valve,13,19659,3.18,81.2,6.93,1
A-0304,East,Pump,11,18876,1.71,85.4,3.86,0
A-0305,East,Sensor,14,19127,2.44,77.1,4.46,0
A-0306,South,Sensor,2,8998,3.35,88.8,6.38,1
A-0307,North,Sensor,8,18571,6.24,60.4,4.05,0
A-0308,West,Sensor,3,4609,3.47,80.6,4.99,0
A-0309,West,Valve,3,18744,1.48,61.0,5.72,0
A-0310,West,Pump,1,17606,1.99,61.6,6.41,1
A-0311,South,Sensor,19,14021,1.96,67.4,1.8,0
A-0312,East,Valve,18,9220,0.35,63.7,6.29,0
A-0313,North,Sensor,17,5393,2.1,68.4,4.58,0
A-0314,Central,Sensor,13,17227,3.38,72.4,6.27,0
A-0315,East,Valve,3,8900,0.97,85.0,6.4,0
A-0316,South,Valve,1,15106,3.76,71.1,7.89,0
A-0317,East,Pump,4,10639,3.09,56.0,7.44,0
A-0318,East,Pump,13,17803,1.62,88.7,7.42,0
A-0319,South,Sensor,17,2544,2.33,65.0,7.6,1
A-0320,West,Sensor,11,17302,4.42,74.3,5.52,1
A-0321,West,Pump,2,18633,3.38,80.4,5.06,0
A-0322,North,Pump,16,17983,2.51,77.4,6.57,1
A-0323,North,Valve,2,3892,2.21,88.1,6.32,0
A-0324,West,Pump,19,19656,2.59,80.7,4.44,0
A-0325,Central,Pump,19,11172,1.89,64.7,5.73,0
A-0326,East,Sensor,16,14944,-0.03,101.1,4.94,0
A-0327,Central,Pump,19,7284,4.95,77.3,3.46,0
A-0328,East,Sensor,9,18429,2.69,73.2,7.32,0
A-0329,West,Pump,1,1570,2.98,86.6,5.1,0
A-0330,North,Valve,10,2350,2.43,78.0,8.69,0
A-0331,North,Pump,19,12890,1.62,79.8,2.07,0
A-0332,Central,Pump,1,3439,2.28,104.9,4.0,0
A-0333,North,Pump,2,10595,0.58,71.7,5.06,0
A-0334,West,Sensor,16,16801,5.23,71.2,7.05,0
A-0335,Central,Valve,12,7694,1.02,76.4,5.72,0
A-0336,East,Pump,8,6351,1.26,87.9,5.56,0
A-0337,North,Sensor,18,16878,1.97,56.9,2.97,0
A-0338,South,Valve,2,1178,4.05,51.4,2.92,0
A-0339,North,Sensor,13,1488,2.52,68.0,5.58,1
A-0340,East,Sensor,6,2002,1.02,55.4,2.54,1
A-0341,Central,Valve,6,18673,4.01,69.9,4.04,1
A-0342,East,Pump,9,16698,3.38,81.0,5.9,0
A-0343,South,Sensor,16,18309,3.15,64.3,3.23,0
A-0344,West,Sensor,11,16367,3.36,57.9,7.89,1
A-0345,North,Pump,7,14766,5.37,75.8,7.2,0
A-0346,Central,Pump,10,7154,5.12,85.4,2.17,0
A-0347,West,Valve,10,2940,1.68,54.7,3.32,0
A-0348,East,Valve,18,10734,4.45,84.8,0.89,0
A-0349,Central,Valve,9,7867,2.96,84.8,3.59,1
A-0350,West,Pump,15,13990,3.1,86.4,6.38,0
A-0351,Central,Sensor,4,3094,0.47,89.6,4.25,0
A-0352,South,Sensor,8,19320,2.3,101.4,5.83,0
A-0353,South,Valve,9,6017,1.52,70.7,2.26,0
A-0354,North,Pump,13,9719,3.49,76.3,6.44,0
A-0355,North,Sensor,9,6810,3.79,70.0,4.0,0
A-0356,South,Valve,4,4039,0.01,75.0,5.02,0
A-0357,Central,Sensor,17,15244,2.47,93.4,4.83,0
A-0358,South,Sensor,16,19125,3.85,58.9,2.71,0
A-0359,North,Pump,15,6878,2.28,64.7,2.92,0
A-0360,South,Pump,3,19649,3.37,91.5,6.74,0
A-0361,South,Sensor,5,9865,2.92,87.2,5.72,0
A-0362,Central,Valve,5,11922,2.91,70.6,6.89,0
A-0363,West,Pump,15,5411,2.17,85.3,5.58,1
A-0364,North,Sensor,18,903,1.04,79.1,5.26,1
A-0365,Central,Pump,15,13680,1.15,93.0,1.89,0
A-0366,South,Pump,2,4663,3.35,75.9,4.51,0
A-0367,South,Pump,13,16971,2.52,87.3,4.95,0
A-0368,West,Sensor,4,14836,2.33,106.7,8.52,0
A-0369,North,Valve,10,5970,1.99,82.2,6.24,0
A-0370,North,Valve,13,15453,2.13,75.6,7.76,1
A-0371,East,Valve,10,6776,3.76,83.7,6.08,0
A-0372,North,Pump,9,6239,2.1,70.6,3.72,1
A-0373,West,Sensor,8,7023,0.89,103.7,5.21,0
A-0374,East,Pump,3,15493,3.39,77.2,5.43,0
A-0375,East,Valve,16,13373,2.25,71.7,3.31,0
A-0376,South,Valve,14,13919,2.54,65.0,4.31,0
A-0377,South,Sensor,9,14957,4.43,88.2,4.63,0
A-0378,North,Pump,11,2564,2.48,85.4,7.89,0
A-0379,East,Valve,3,5815,2.85,69.0,1.25,0
A-0380,South,Sensor,5,11066,1.09,81.9,7.17,0
A-0381,West,Pump,10,817,2.24,56.9,3.31,0
A-0382,South,Pump,13,18386,3.23,77.2,2.53,0
A-0383,South,Valve,4,6630,0.63,80.4,7.12,0
A-0384,East,Valve,13,7919,2.74,95.5,6.32,0
A-0385,East,Pump,12,2542,2.62,65.8,7.26,0
A-0386,Central,Pump,5,5098,2.55,59.7,6.44,0
A-0387,West,Valve,10,10714,3.74,64.3,8.71,0
A-0388,East,Pump,9,618,2.9,59.0,6.01,0
A-0389,North,Valve,7,1209,4.27,91.0,4.72,0
A-0390,West,Pump,2,16357,1.31,93.6,5.62,0
A-0391,West,Valve,7,13101,2.66,78.8,7.24,0
A-0392,East,Sensor,8,3750,2.6,89.7,3.6,1
A-0393,West,Valve,7,8561,1.22,76.6,3.83,0
A-0394,East,Valve,14,9109,3.65,73.9,4.44,0
A-0395,South,Sensor,19,3103,5.29,71.0,1.21,1
A-0396,Central,Pump,5,12546,2.48,71.3,5.25,0
A-0397,South,Sensor,18,17985,3.11,56.4,1.6,1
A-0398,East,Valve,12,8357,2.6,78.2,5.1,0
A-0399,East,Pump,17,12120,1.64,74.5,6.56,0
A-0400,South,Sensor,13,8677,0.32,83.9,4.14,1
A-0401,North,Pump,2,19145,1.65,76.1,8.02,0
A-0402,North,Pump,13,12326,0.83,73.0,2.37,0
A-0403,North,Sensor,7,14390,4.54,64.5,7.14,0
A-0404,East,Pump,10,17392,2.36,75.9,6.22,0
A-0405,West,Sensor,6,19263,2.08,83.9,1.91,0
A-0406,East,Valve,3,14330,3.57,61.3,9.88,0
A-0407,West,Pump,3,9984,1.15,76.0,4.89,0
A-0408,South,Valve,18,5995,1.58,77.8,3.42,0
A-0409,Central,Valve,11,11767,2.58,66.4,2.47,0
A-0410,West,Pump,5,7898,3.73,67.9,4.6,0
A-0411,North,Sensor,19,7243,3.1,77.8,4.77,0
A-0412,East,Pump,19,5671,2.8,61.4,5.18,1
A-0413,South,Valve,15,16505,2.59,79.2,4.46,0
A-0414,North,Valve,16,17208,2.98,64.3,6.14,0
A-0415,South,Sensor,9,13504,2.74,87.8,4.3,0
A-0416,Central,Pump,4,11462,1.26,103.1,1.52,1
A-0417,East,Valve,15,11275,2.56,64.7,4.73,0
A-0418,East,Valve,12,4057,1.21,81.4,0.74,1
A-0419,Central,Valve,3,4087,2.6,66.3,5.64,0
A-0420,East,Sensor,14,17035,1.92,87.5,3.24,1
A-0421,West,Valve,17,1454,5.55,59.8,5.29,0
A-0422,South,Valve,19,14294,2.45,80.8,7.37,0
A-0423,North,Pump,6,1187,0.81,64.5,3.29,0
A-0424,Central,Pump,4,9001,2.34,72.5,6.91,1
A-0425,West,Valve,7,15638,3.12,62.6,4.22,0
A-0426,North,Valve,19,10194,4.51,84.9,8.16,0
A-0427,North,Pump,17,3627,1.79,65.0,4.34,0
A-0428,Central,Sensor,16,13260,0.6,81.6,3.49,1
A-0429,West,Sensor,15,12059,3.48,70.9,6.24,1
A-0430,North,Sensor,8,15296,0.84,73.6,4.22,0
A-0431,North,Sensor,19,3895,1.98,76.8,3.49,0
A-0432,West,Sensor,8,1345,2.19,65.9,4.14,0
A-0433,East,Sensor,18,1664,2.42,77.5,4.92,0
A-0434,North,Sensor,16,13454,3.33,93.4,7.42,1
A-0435,South,Sensor,19,6404,1.68,65.7,1.52,0
A-0436,West,Pump,10,14231,2.17,89.1,5.04,0
A-0437,North,Sensor,17,854,2.48,93.0,6.12,0
A-0438,Central,Sensor,13,18756,2.68,65.2,5.35,0
A-0439,South,Sensor,13,18908,2.62,57.5,7.36,0
A-0440,North,Valve,7,3317,3.02,78.6,4.87,0
A-0441,South,Pump,10,4332,3.51,68.4,4.67,0
A-0442,South,Pump,2,12967,2.97,97.4,6.07,0
A-0443,East,Pump,4,8757,3.04,75.4,5.18,0
A-0444,South,Sensor,6,13607,0.6,65.4,4.3,0
A-0445,East,Sensor,18,12958,2.56,61.2,5.93,0
A-0446,West,Valve,6,11213,3.08,88.1,3.83,0
A-0447,East,Pump,17,3081,3.37,68.1,3.9,0
A-0448,Central,Sensor,14,10082,1.67,75.5,4.05,0
A-0449,North,Pump,11,19370,1.71,86.5,7.44,0
A-0450,West,Valve,19,8918,1.81,69.2,-0.8,0
A-0451,West,Valve,2,19327,3.14,74.4,5.71,0
A-0452,Central,Valve,3,14919,3.74,74.8,5.06,0
A-0453,East,Pump,11,12314,2.01,83.2,1.97,0
A-0454,North,Sensor,6,1536,3.59,82.1,5.56,0
A-0455,East,Sensor,14,10524,2.65,72.4,5.86,0
A-0456,South,Valve,19,11432,2.35,75.8,6.06,1
A-0457,East,Sensor,16,7935,2.25,70.5,0.23,1
A-0458,West,Valve,7,2048,3.4,57.3,7.46,0
A-0459,North,Pump,8,5565,2.89,78.1,3.67,0
A-0460,East,Valve,19,3907,5.23,97.7,6.24,0
A-0461,North,Pump,16,1139,1.48,64.4,6.33,0
A-0462,North,Valve,7,672,3.12,65.7,3.42,0
A-0463,South,Sensor,9,6166,1.86,64.6,6.19,1
A-0464,South,Sensor,13,4854,1.46,83.7,4.31,0
A-0465,West,Valve,1,10609,2.49,80.4,1.27,1
A-0466,Central,Sensor,8,3386,2.66,73.1,7.1,0
A-0467,North,Sensor,4,2664,6.0,64.0,3.6,0
A-0468,Central,Sensor,3,4445,2.28,76.1,3.46,0
A-0469,West,Pump,3,10901,1.14,56.2,4.27,0
A-0470,North,Sensor,13,8246,2.83,76.7,5.49,0
A-0471,North,Pump,8,12475,0.01,85.5,4.9,0
A-0472,Central,Valve,7,19474,2.39,60.0,5.99,0
A-0473,East,Sensor,1,8254,2.52,56.6,2.59,0
A-0474,South,Sensor,16,16096,3.45,94.0,3.66,0
A-0475,East,Sensor,6,5685,3.67,67.7,4.79,0
A-0476,Central,Valve,7,1593,1.9,88.6,8.42,1
A-0477,South,Pump,12,4380,2.32,73.2,4.8,0
A-0478,East,Pump,9,11186,1.58,73.1,6.95,0
A-0479,South,Sensor,11,11271,1.15,80.3,5.07,0
A-0480,North,Valve,10,11180,2.87,64.4,4.13,1
A-0481,East,Valve,1,3285,0.97,76.6,4.56,0
A-0482,South,Valve,18,15299,2.0,70.4,4.7,0
A-0483,South,Valve,4,16780,1.31,59.2,6.09,0
A-0484,South,Valve,5,7039,3.16,79.0,7.47,1
A-0485,East,Pump,9,18458,4.66,71.8,5.65,1
A-0486,West,Pump,17,16516,0.94,73.1,7.14,0
A-0487,East,Pump,3,15230,0.28,60.5,3.26,0
A-0488,Central,Sensor,16,11065,2.35,94.1,4.25,0
A-0489,East,Valve,5,8560,2.52,85.5,3.7,0
A-0490,South,Sensor,16,4490,2.76,86.6,5.57,0
A-0491,North,Valve,3,18073,1.96,71.3,4.35,0
A-0492,East,Pump,15,19573,2.26,54.2,6.31,1
A-0493,East,Sensor,3,4595,2.94,98.4,3.32,0
A-0494,South,Pump,14,15049,3.75,74.3,5.08,0
A-0495,North,Valve,16,18759,0.15,66.0,6.24,0
A-0496,North,Valve,17,10479,2.06,80.0,1.28,0
A-0497,Central,Valve,18,5908,2.76,89.0,8.82,1
A-0498,East,Pump,18,14437,1.4,74.7,4.49,0
A-0499,North,Valve,14,3333,4.58,90.3,1.35,0
A-0500,North,Pump,18,5785,1.74,88.0,5.28,0
A-0501,West,Sensor,15,10089,2.45,62.1,5.06,0
A-0502,West,Valve,15,15208,3.17,66.9,4.85,1
A-0503,North,Valve,6,14616,1.79,86.5,6.78,0
A-0504,Central,Valve,15,8145,0.28,42.4,6.35,1
A-0505,North,Sensor,18,12518,1.99,73.2,5.54,0
A-0506,South,Valve,4,11389,3.74,57.8,5.81,0
A-0507,East,Pump,8,5277,2.1,69.3,4.81,0
A-0508,Central,Pump,15,16494,1.48,71.4,8.2,1
A-0509,South,Valve,3,3235,3.61,70.7,2.34,0
A-0510,Central,Valve,15,14111,2.1,68.4,5.25,0
A-0511,South,Sensor,13,6868,1.89,61.8,5.12,0
A-0512,East,Sensor,9,17705,2.68,102.5,6.46,0
A-0513,East,Sensor,2,662,3.42,97.4,3.48,0
A-0514,West,Valve,8,8277,5.36,61.1,1.86,0
A-0515,South,Sensor,17,15349,3.49,94.0,5.28,1
A-0516,West,Sensor,13,18816,3.89,70.2,5.51,0
A-0517,South,Pump,1,4035,1.89,76.6,7.68,1
A-0518,West,Sensor,2,13903,1.27,74.2,2.71,1
A-0519,East,Pump,15,15016,2.57,67.1,7.08,0
A-0520,Central,Pump,12,19674,2.63,86.8,9.26,0
A-0521,West,Sensor,14,19591,1.21,76.5,4.32,0
A-0522,South,Pump,2,8459,2.29,69.3,2.68,0
A-0523,South,Valve,18,4433,2.98,59.3,4.27,0
A-0524,East,Valve,7,3885,2.93,64.3,5.03,1
A-0525,South,Sensor,6,1422,3.11,55.3,6.01,0
A-0526,North,Valve,14,10867,2.85,75.1,3.94,0
A-0527,Central,Pump,8,14237,1.89,60.6,7.8,0
A-0528,West,Valve,2,1064,1.88,71.8,2.99,1
A-0529,Central,Sensor,17,11289,1.06,91.4,1.87,0
A-0530,East,Sensor,5,3000,4.64,89.4,6.99,0
A-0531,West,Pump,14,7381,2.52,74.6,0.91,0
A-0532,West,Sensor,3,4136,2.23,74.0,4.63,0
A-0533,North,Valve,5,723,1.39,97.6,10.61,1
A-0534,East,Sensor,16,6797,6.02,81.2,4.98,1
A-0535,South,Pump,18,15395,1.21,71.1,2.98,0
A-0536,North,Sensor,17,850,1.99,57.9,4.9,0
A-0537,North,Valve,11,18812,3.0,79.7,4.91,0
A-0538,Central,Pump,17,5232,3.22,85.0,5.29,0
A-0539,Central,Valve,16,1517,3.65,67.4,6.19,0
A-0540,Central,Pump,2,19110,4.67,78.5,3.13,0
A-0541,North,Sensor,4,15729,3.11,70.6,8.04,0
A-0542,South,Pump,7,7670,1.23,72.8,5.44,1
A-0543,West,Pump,2,13803,2.19,45.1,6.31,0
A-0544,Central,Sensor,6,6707,2.87,72.3,3.87,1
A-0545,South,Valve,17,12816,4.98,86.6,7.32,0
A-0546,East,Sensor,7,2919,0.82,67.4,4.54,0
A-0547,Central,Pump,5,6740,3.94,75.6,5.5,1
A-0548,West,Sensor,5,2393,2.72,65.9,3.32,0
A-0549,East,Pump,16,14253,3.51,79.3,3.21,0
A-0550,East,Sensor,19,5822,2.38,72.4,6.24,0
A-0551,West,Sensor,9,11732,1.49,63.7,4.2,0
A-0552,Central,Valve,5,18009,3.4,91.0,3.46,1
A-0553,North,Pump,8,3617,3.29,86.1,3.84,1
A-0554,West,Valve,9,4661,3.67,67.7,6.26,0
A-0555,West,Pump,5,16023,2.48,81.0,3.87,0
A-0556,West,Sensor,10,4542,1.78,81.4,4.79,0
A-0557,East,Pump,2,4933,0.63,82.7,5.03,0
A-0558,South,Valve,9,14516,3.48,54.7,1.55,0
A-0559,North,Valve,11,3158,3.01,87.1,2.35,0
A-0560,Central,Valve,4,11410,1.34,68.2,5.61,0
A-0561,Central,Pump,2,3444,1.85,70.7,3.67,0
A-0562,South,Valve,6,7710,1.94,106.7,6.9,0
A-0563,West,Valve,14,9287,0.72,78.6,6.74,0
A-0564,North,Valve,1,2486,1.52,70.4,6.29,0
A-0565,Central,Sensor,18,11442,1.14,48.5,8.28,1
A-0566,Central,Sensor,7,17958,2.01,91.7,4.85,1
A-0567,West,Pump,1,12661,1.61,58.9,6.17,0
A-0568,South,Pump,1,3507,0.55,63.0,3.95,0
A-0569,North,Valve,1,1469,4.93,71.0,9.41,1
A-0570,South,Sensor,4,9272,4.0,92.0,8.57,1
A-0571,South,Valve,4,3324,1.57,84.3,5.02,1
A-0572,North,Valve,18,1711,2.83,73.1,5.7,0
A-0573,North,Sensor,11,729,3.0,78.7,7.45,1
A-0574,Central,Sensor,1,16274,3.93,67.8,4.74,0
A-0575,Central,Sensor,10,14845,1.52,76.7,3.82,0
A-0576,North,Pump,9,3685,3.81,75.9,6.57,1
A-0577,East,Pump,4,15511,1.84,86.6,5.14,0
A-0578,Central,Valve,6,17385,0.9,86.6,5.33,1
A-0579,East,Pump,16,548,3.37,80.9,3.5,0
A-0580,North,Sensor,2,15673,4.05,70.7,1.91,1
A-0581,Central,Sensor,18,19939,5.61,83.9,5.43,0
A-0582,South,Pump,10,17270,1.06,73.9,6.63,1
A-0583,North,Valve,17,1469,3.34,62.0,4.59,0
A-0584,West,Valve,13,15053,2.01,70.2,7.59,0
A-0585,East,Pump,18,6320,3.44,76.0,3.73,0
A-0586,North,Valve,13,14792,0.74,85.9,3.1,0
A-0587,North,Valve,17,3552,0.98,72.8,4.88,0
A-0588,Central,Valve,5,12109,1.57,60.5,4.85,0
A-0589,Central,Sensor,11,2802,2.59,75.7,6.39,0
A-0590,Central,Sensor,7,2783,1.73,76.4,3.61,0
A-0591,West,Pump,10,15885,3.29,77.2,7.46,0
A-0592,Central,Sensor,17,10299,3.73,86.0,8.54,1
A-0593,North,Valve,15,16120,3.22,87.2,4.93,0
A-0594,Central,Sensor,18,622,4.44,67.9,7.25,0
A-0595,South,Pump,19,9972,3.0,67.6,3.1,0
A-0596,Central,Sensor,2,4227,1.04,62.5,6.94,0
A-0597,West,Valve,4,14232,4.14,83.4,6.89,0
A-0598,South,Valve,3,5458,1.77,92.4,6.55,0
A-0599,North,Pump,7,1024,3.59,71.2,4.97,1
A-0600,North,Sensor,18,9579,4.39,72.1,-0.32,0
A-0601,East,Sensor,10,8899,3.05,92.6,3.84,0
A-0602,South,Sensor,7,17032,0.7,81.1,3.87,0
A-0603,East,Valve,8,17321,1.4,80.2,3.24,0
A-0604,South,Pump,6,10894,4.09,60.7,5.22,0
A-0605,South,Sensor,1,4249,2.3,83.1,4.25,1
A-0606,West,Valve,4,11853,2.6,63.9,3.52,0
A-0607,East,Valve,14,14509,3.41,61.4,3.09,0
A-0608,West,Valve,17,11937,3.34,70.8,3.71,0
A-0609,South,Sensor,18,5836,2.83,68.0,7.02,1
A-0610,North,Sensor,11,5051,2.25,72.3,3.81,0
A-0611,South,Sensor,14,3323,2.12,57.7,4.07,0
A-0612,West,Sensor,9,13416,3.53,86.5,4.18,0
A-0613,East,Sensor,15,15667,3.16,88.5,5.61,0
A-0614,East,Sensor,12,9177,2.19,51.6,5.82,1
A-0615,West,Sensor,10,15368,3.8,86.7,-0.48,0
A-0616,East,Sensor,19,8891,2.35,65.3,6.84,0
A-0617,Central,Sensor,19,13158,1.48,85.3,7.59,1
A-0618,North,Valve,6,18866,1.59,74.2,3.11,0
A-0619,North,Sensor,6,10163,1.33,75.3,3.25,0
A-0620,North,Pump,8,2811,2.17,72.8,4.19,0
A-0621,East,Valve,1,7725,3.98,89.5,3.64,0
A-0622,East,Sensor,17,12065,1.53,60.1,5.4,0
A-0623,South,Pump,17,10770,2.73,82.3,1.5,1
A-0624,South,Sensor,15,14060,1.71,88.2,2.99,0
A-0625,North,Pump,7,17488,2.19,83.6,7.77,0
A-0626,Central,Pump,19,16465,0.69,102.9,3.33,1
A-0627,South,Pump,3,6285,2.24,68.7,7.24,0
A-0628,South,Pump,11,12567,2.27,86.5,5.64,0
A-0629,East,Valve,19,9240,3.15,73.7,1.74,0
A-0630,Central,Valve,9,14153,2.77,89.8,6.14,1
A-0631,North,Pump,10,17722,1.06,74.9,4.79,1
A-0632,South,Sensor,2,4315,3.8,70.3,4.18,1
A-0633,Central,Pump,1,17731,2.75,90.7,5.44,1
A-0634,Central,Valve,16,5209,2.74,69.1,5.85,0
A-0635,North,Sensor,18,5007,2.49,58.0,6.27,0
A-0636,Central,Valve,17,7075,1.88,68.8,7.12,1
A-0637,Central,Valve,6,5273,2.76,82.4,5.73,0
A-0638,Central,Sensor,14,12946,3.07,91.7,2.52,0
A-0639,South,Pump,15,10964,0.4,76.3,4.15,0
A-0640,North,Pump,14,16364,1.85,90.8,10.3,0
A-0641,Central,Pump,3,3820,2.19,58.7,6.3,1
A-0642,Central,Pump,19,11250,2.81,69.7,9.26,0
A-0643,South,Sensor,12,5198,3.93,71.5,7.51,0
A-0644,North,Sensor,2,18448,1.57,73.6,5.44,1
A-0645,East,Sensor,3,18724,1.9,76.0,5.54,0
A-0646,South,Valve,18,6558,1.88,83.3,4.93,0
A-0647,North,Sensor,1,1226,1.54,69.7,1.87,0
A-0648,Central,Pump,6,7197,2.08,76.7,5.03,1
A-0649,North,Valve,5,12410,3.42,74.5,7.18,0
A-0650,North,Pump,1,9757,1.24,63.9,3.92,1
A-0651,North,Pump,19,13463,3.01,73.6,5.74,0
A-0652,East,Sensor,1,17166,0.46,73.3,6.53,0
A-0653,North,Sensor,16,1581,1.83,73.0,3.36,1
A-0654,East,Pump,12,19765,2.1,75.4,4.19,1
A-0655,Central,Pump,8,11276,4.51,75.9,3.17,0
A-0656,East,Valve,16,14696,2.17,69.8,3.52,0
A-0657,Central,Sensor,1,19854,-0.14,90.3,2.68,1
A-0658,Central,Valve,4,9844,0.1,61.0,3.38,1
A-0659,East,Valve,10,16458,2.54,66.3,7.56,1
A-0660,South,Valve,11,12189,3.24,108.4,3.35,1
A-0661,West,Pump,17,17831,2.95,62.5,5.23,0
A-0662,North,Valve,7,5260,2.7,58.8,4.09,0
A-0663,West,Valve,12,13936,3.89,83.8,7.12,0
A-0664,North,Pump,7,566,1.85,50.1,7.36,0
A-0665,North,Sensor,12,1064,3.57,72.2,6.56,0
A-0666,Central,Sensor,15,13893,0.54,100.7,5.55,0
A-0667,North,Valve,2,4170,1.41,56.5,4.58,0
A-0668,North,Pump,14,2751,0.33,51.2,2.85,0
A-0669,East,Sensor,13,13449,2.17,57.0,8.5,0
A-0670,West,Valve,4,1304,2.44,85.8,3.63,0
A-0671,East,Valve,14,10083,2.64,88.5,6.19,0
A-0672,North,Pump,14,18119,2.57,68.8,6.91,0
A-0673,Central,Valve,16,12724,1.39,83.2,4.0,0
A-0674,East,Sensor,7,6516,2.27,91.7,6.87,1
A-0675,East,Pump,19,13536,0.7,96.4,6.38,0
A-0676,South,Sensor,2,12892,4.14,72.0,8.11,0
A-0677,North,Sensor,10,8438,2.14,47.4,4.16,0
A-0678,Central,Sensor,18,4641,1.91,65.1,2.69,0
A-0679,East,Valve,17,10046,4.41,69.9,4.09,0
A-0680,East,Valve,5,5835,1.01,71.9,5.38,1
A-0681,Central,Sensor,12,5577,1.15,72.7,5.1,1
A-0682,North,Sensor,6,13747,1.18,88.4,4.29,0
A-0683,South,Pump,9,6111,2.42,90.3,1.56,0
A-0684,East,Pump,1,8589,3.02,72.9,5.85,1
A-0685,South,Valve,15,3392,3.39,88.2,8.55,1
A-0686,West,Valve,6,6077,5.59,79.3,5.84,0
A-0687,North,Pump,19,18443,-0.2,75.8,6.1,0
A-0688,West,Sensor,18,7183,3.23,85.9,6.03,0
A-0689,West,Valve,6,2007,1.83,75.9,5.71,0
A-0690,West,Sensor,13,16835,1.8,99.7,6.68,0
A-0691,North,Pump,1,2563,1.76,57.7,5.71,0
A-0692,North,Valve,13,2500,1.41,68.8,4.44,0
A-0693,Central,Valve,7,16066,4.52,73.5,3.57,0
A-0694,South,Pump,15,1794,3.51,80.3,4.55,1
A-0695,South,Valve,12,15596,2.53,90.2,5.57,1
A-0696,Central,Pump,1,4565,4.12,74.7,4.43,0
A-0697,Central,Valve,15,14590,0.68,57.9,5.57,1
A-0698,West,Pump,4,18487,0.9,85.1,5.79,0
A-0699,Central,Valve,13,18206,-0.11,84.1,6.5,1
A-0700,East,Sensor,5,19325,1.66,51.7,7.31,0
A-0701,South,Sensor,2,17982,2.69,75.0,5.14,0
A-0702,Central,Sensor,1,9818,2.62,55.9,2.65,0
A-0703,East,Valve,16,8988,2.68,67.0,4.38,0
A-0704,East,Valve,6,11741,0.81,64.2,5.08,1
A-0705,East,Sensor,16,10917,3.46,84.7,1.7,0
A-0706,East,Sensor,14,16074,2.79,76.4,7.5,0
A-0707,West,Pump,3,15802,3.38,59.6,5.26,0
A-0708,East,Pump,15,15150,0.23,85.6,5.69,0
A-0709,West,Pump,3,13850,2.87,57.8,7.46,0
A-0710,West,Sensor,2,2596,1.07,79.0,3.87,0
A-0711,East,Sensor,1,12301,2.02,65.2,6.03,0
A-0712,South,Sensor,9,19092,3.14,70.6,4.8,1
A-0713,East,Pump,9,17059,2.61,81.1,4.67,1
A-0714,East,Valve,7,7669,1.48,81.3,3.61,0
A-0715,East,Sensor,3,13788,2.51,91.0,8.0,0
A-0716,South,Valve,18,11194,0.66,74.0,4.32,0
A-0717,North,Valve,11,12691,3.88,78.7,6.26,0
A-0718,North,Valve,7,18551,2.25,69.7,1.62,0
A-0719,West,Pump,9,11237,3.84,77.2,7.12,1
A-0720,West,Valve,1,18707,1.87,80.3,6.89,0
A-0721,South,Sensor,14,5647,1.87,73.8,5.18,1
A-0722,Central,Pump,6,18240,1.58,53.4,4.59,1
A-0723,North,Sensor,7,19956,3.55,79.0,5.72,1
A-0724,West,Sensor,10,6699,1.65,79.4,9.12,1
A-0725,North,Pump,7,1046,3.27,66.8,1.83,0
A-0726,South,Sensor,2,5731,2.04,59.6,6.41,0
A-0727,South,Sensor,4,8465,0.13,92.7,3.36,0
A-0728,Central,Pump,17,18967,1.82,80.9,4.96,0
A-0729,Central,Sensor,1,2540,1.09,72.3,4.55,0
A-0730,South,Valve,10,2252,2.54,61.4,4.23,0
A-0731,West,Sensor,19,2349,1.07,65.1,4.98,0
A-0732,North,Valve,15,3142,3.61,90.6,2.96,1
A-0733,East,Sensor,10,2100,2.39,76.7,6.85,1
A-0734,Central,Pump,19,14451,2.29,68.4,1.77,0
A-0735,East,Pump,12,12297,3.29,81.1,5.97,0
A-0736,West,Sensor,16,17502,3.66,65.2,4.41,0
A-0737,Central,Pump,9,1632,2.48,93.0,2.89,0
A-0738,East,Sensor,15,5991,1.57,91.2,5.36,1
A-0739,West,Pump,17,6295,0.37,69.4,2.2,0
A-0740,North,Valve,14,11031,1.68,67.5,5.07,0
A-0741,West,Sensor,18,11431,1.76,43.6,2.44,1
A-0742,Central,Valve,2,8133,2.63,57.2,5.83,1
A-0743,South,Valve,4,18371,2.09,58.9,3.34,0
A-0744,North,Sensor,18,5509,3.33,76.6,4.19,0
A-0745,East,Valve,7,2613,1.76,71.1,5.53,0
A-0746,Central,Sensor,13,1544,2.43,58.9,3.61,0
A-0747,South,Valve,15,14423,3.92,71.6,4.9,0
A-0748,West,Sensor,1,2931,2.91,81.1,2.28,0
A-0749,South,Sensor,11,14426,2.43,81.3,6.14,0
A-0750,Central,Pump,10,2082,1.78,52.2,8.18,0
A-0751,Central,Sensor,5,14874,1.74,73.5,10.03,0
A-0752,South,Sensor,16,1808,1.48,58.4,5.16,0
A-0753,West,Valve,11,9293,1.85,85.8,6.42,0
A-0754,South,Sensor,6,2120,3.41,84.4,1.79,0
A-0755,Central,Pump,9,5266,2.23,64.2,7.7,1
A-0756,Central,Valve,13,5692,0.88,65.8,6.4,0
A-0757,East,Valve,8,7122,4.62,69.5,4.13,1
A-0758,East,Pump,14,6593,2.88,48.0,7.23,0
A-0759,North,Valve,1,16984,0.81,79.0,4.54,0
A-0760,Central,Valve,17,737,1.97,71.7,4.18,0
A-0761,East,Valve,5,11610,2.63,86.6,5.86,0
A-0762,South,Valve,2,6573,4.55,61.8,3.09,0
A-0763,West,Pump,9,3042,1.17,67.6,6.84,0
A-0764,South,Pump,4,15782,3.67,56.9,3.1,0
A-0765,West,Valve,17,10695,4.18,62.9,3.11,0
A-0766,East,Valve,17,2037,1.75,60.8,3.36,0
A-0767,North,Pump,18,17638,2.17,87.0,6.37,0
A-0768,South,Pump,16,12060,1.26,66.6,3.89,0
A-0769,South,Pump,8,13934,2.26,76.5,2.57,0
A-0770,South,Valve,11,7896,2.46,70.4,3.91,0
A-0771,West,Valve,18,17424,3.29,59.8,4.94,0
A-0772,East,Sensor,10,5631,3.81,73.0,2.87,0
A-0773,South,Pump,13,9197,1.6,82.2,2.93,0
A-0774,South,Valve,17,18013,0.14,60.5,8.8,1
A-0775,North,Pump,18,10771,2.47,84.7,3.45,0
A-0776,North,Valve,10,3645,2.85,64.8,4.42,0
A-0777,East,Pump,16,13600,2.8,69.2,4.34,0
A-0778,East,Valve,5,4567,2.11,81.4,4.24,0
A-0779,Central,Sensor,13,4695,2.65,67.0,6.12,0
A-0780,North,Sensor,18,9744,4.32,75.5,6.71,0
A-0781,Central,Pump,17,7781,2.96,71.2,4.45,0
A-0782,West,Valve,9,3009,2.05,76.6,2.77,0
A-0783,Central,Valve,14,16002,1.9,46.4,7.29,0
A-0784,South,Pump,17,7033,2.3,53.0,4.83,0
A-0785,Central,Valve,4,17565,4.46,82.4,8.11,0
A-0786,East,Pump,18,15170,2.28,87.4,0.96,0
A-0787,West,Valve,15,4432,2.48,64.1,5.35,0
A-0788,South,Pump,11,15095,1.92,72.1,8.45,0
A-0789,Central,Valve,12,13541,3.82,78.5,4.36,0
A-0790,West,Pump,9,6060,4.85,83.3,4.59,0
A-0791,West,Valve,13,4516,3.04,50.7,5.53,0
A-0792,South,Sensor,15,1219,2.6,64.4,3.99,1
A-0793,Central,Valve,15,574,2.54,71.0,4.44,0
A-0794,West,Pump,5,13661,-0.36,83.4,4.39,0
A-0795,West,Sensor,19,2649,3.39,105.0,3.87,0
A-0796,North,Valve,14,14533,2.66,72.3,7.21,0
A-0797,West,Sensor,17,4707,3.01,58.1,5.83,0
A-0798,North,Valve,18,15543,1.65,79.8,5.45,1
A-0799,Central,Sensor,3,9578,2.04,90.9,6.46,0
A-0800,Central,Pump,2,12225,2.01,76.3,4.52,0
A-0801,Central,Valve,1,4436,3.73,64.1,3.61,0
A-0802,East,Valve,10,9807,2.05,86.5,3.92,1
A-0803,Central,Pump,19,17959,5.0,83.0,5.0,0
A-0804,West,Sensor,17,5115,3.02,62.7,3.09,0
A-0805,South,Pump,12,7765,0.97,79.6,4.1,0
A-0806,North,Pump,1,10616,2.35,87.0,4.07,0
A-0807,East,Sensor,12,16233,1.72,89.2,8.82,0
A-0808,Central,Pump,17,14392,-0.13,74.2,0.01,0
A-0809,Central,Valve,3,5152,4.42,70.7,4.68,0
A-0810,South,Valve,11,10973,3.34,89.7,8.11,0
A-0811,South,Valve,17,9747,3.14,60.5,5.22,0
A-0812,East,Pump,3,17425,2.7,80.3,6.36,0
A-0813,North,Valve,8,2661,0.84,58.6,5.18,0
A-0814,Central,Valve,4,19135,1.92,87.8,3.8,1
A-0815,East,Valve,7,19628,3.51,71.9,0.96,0
A-0816,West,Valve,14,15088,1.24,90.2,5.37,1
A-0817,West,Valve,14,12561,-0.54,80.9,3.6,1
A-0818,East,Valve,4,6541,2.23,60.3,3.56,0
A-0819,Central,Pump,16,13173,2.33,92.1,4.1,0
A-0820,East,Valve,1,2060,2.66,93.6,8.14,0
A-0821,Central,Valve,17,12454,3.37,85.6,9.33,0
A-0822,South,Sensor,10,18048,3.27,65.9,5.39,0
A-0823,East,Pump,16,15578,2.81,71.3,4.16,0
A-0824,Central,Pump,16,5919,3.93,76.7,2.88,0
A-0825,East,Pump,8,3222,0.68,66.6,5.84,0
A-0826,East,Pump,7,11050,3.11,95.3,8.21,0
A-0827,Central,Valve,6,17354,3.25,76.7,4.55,1
A-0828,Central,Valve,16,1968,1.01,42.6,0.72,0
A-0829,North,Sensor,16,1308,0.7,79.1,6.21,1
A-0830,East,Sensor,7,7219,1.6,70.8,6.77,0
A-0831,West,Pump,9,16863,1.71,74.1,2.15,1
A-0832,East,Sensor,14,11091,3.4,70.6,5.32,0
A-0833,East,Sensor,11,5573,1.76,84.7,5.81,0
A-0834,Central,Pump,14,8512,1.47,88.4,4.87,0
A-0835,East,Pump,7,18529,1.77,78.4,3.58,0
A-0836,East,Sensor,1,14392,3.84,70.9,6.83,1
A-0837,West,Valve,13,8749,2.52,74.5,4.27,0
A-0838,Central,Sensor,3,18013,2.28,75.2,2.33,1
A-0839,East,Sensor,4,15647,2.37,65.4,1.31,0
A-0840,South,Valve,11,18237,4.05,81.9,7.27,0
A-0841,North,Valve,2,1267,1.6,80.5,6.11,1
A-0842,West,Pump,14,4395,4.08,93.5,5.16,0
A-0843,East,Pump,12,10700,2.75,90.1,4.21,0
A-0844,South,Sensor,17,7829,2.31,66.8,4.05,1
A-0845,East,Valve,12,15832,5.5,84.8,3.06,1
A-0846,East,Pump,12,15121,1.23,63.6,4.22,1
A-0847,Central,Sensor,1,11834,2.08,83.4,1.18,1
A-0848,Central,Valve,13,18674,1.02,68.8,3.68,0
A-0849,Central,Sensor,14,1385,3.64,62.7,4.44,1
A-0850,South,Pump,2,8234,4.53,78.4,6.1,0
A-0851,East,Pump,12,4406,4.5,42.9,4.93,1
A-0852,North,Valve,16,4992,3.97,54.0,6.43,0
A-0853,West,Sensor,4,10230,2.26,72.9,7.43,0
A-0854,Central,Valve,8,2573,2.06,76.0,6.9,0
A-0855,Central,Pump,2,17196,0.49,70.6,5.85,0
A-0856,East,Pump,10,6769,4.94,56.0,5.02,0
A-0857,East,Sensor,9,17694,3.06,65.2,3.23,1
A-0858,South,Sensor,15,7341,1.91,79.7,6.33,1
A-0859,South,Sensor,13,11455,4.09,82.0,8.02,0
A-0860,Central,Valve,17,2532,1.33,74.8,5.62,0
A-0861,East,Sensor,16,10199,2.99,88.9,8.45,0
A-0862,North,Sensor,2,13237,2.29,79.8,2.25,0
A-0863,West,Pump,14,11262,3.27,66.0,2.92,0
A-0864,East,Pump,3,7629,2.42,71.6,6.54,1
A-0865,East,Sensor,12,19589,0.76,58.2,5.48,0
A-0866,South,Sensor,8,9288,2.59,73.7,7.36,0
A-0867,West,Pump,2,2647,3.76,88.3,4.97,0
A-0868,Central,Sensor,4,1115,2.46,83.2,3.44,0
A-0869,East,Valve,14,1447,3.43,91.8,4.62,0
A-0870,Central,Valve,16,6177,1.25,71.4,2.24,0
A-0871,East,Valve,19,8366,2.47,91.2,2.97,0
A-0872,Central,Sensor,2,2513,1.75,72.7,6.75,0
A-0873,West,Pump,12,17374,3.4,92.7,6.57,1
A-0874,South,Sensor,14,19312,2.54,74.7,5.65,0
A-0875,West,Sensor,6,5487,3.33,83.5,1.9,0
A-0876,North,Pump,13,9233,3.81,92.7,4.35,0
A-0877,South,Pump,4,9979,3.33,72.7,2.8,1
A-0878,West,Pump,18,10325,2.83,77.6,7.12,0
A-0879,North,Valve,12,3426,1.3,90.5,3.95,1
A-0880,East,Sensor,19,7782,2.5,73.4,3.05,0
A-0881,East,Pump,8,16135,1.86,59.1,5.05,0
A-0882,Central,Sensor,7,16347,2.09,100.7,3.85,0
A-0883,South,Valve,16,9990,2.05,69.4,7.67,0
A-0884,East,Valve,19,7486,1.32,76.9,3.68,0
A-0885,South,Pump,6,7362,0.15,88.9,2.48,0
A-0886,East,Pump,11,12659,1.7,67.7,1.12,1
A-0887,Central,Sensor,5,4923,2.73,62.9,4.94,1
A-0888,West,Pump,16,10950,0.88,78.0,3.99,0
A-0889,Central,Sensor,7,8659,2.52,53.5,2.43,0
A-0890,North,Pump,5,2573,4.78,71.5,7.14,0
A-0891,East,Sensor,11,17585,3.73,77.9,6.2,0
A-0892,North,Sensor,15,10611,4.47,71.8,4.95,0
A-0893,North,Sensor,3,7325,2.97,56.5,7.46,1
A-0894,South,Sensor,5,11152,3.9,94.1,6.19,1
A-0895,East,Valve,5,12954,1.63,76.2,3.52,0
A-0896,North,Sensor,9,8468,1.73,92.2,3.13,1
A-0897,West,Pump,15,13016,-0.79,71.9,6.47,0
A-0898,North,Valve,3,14790,3.92,64.4,5.71,0
A-0899,West,Valve,6,8276,4.35,78.2,5.31,0
A-0900,South,Sensor,17,9058,1.84,72.4,3.48,0
A-0901,North,Valve,8,9219,2.2,60.9,6.09,0
A-0902,Central,Sensor,11,5386,1.6,92.6,3.64,0
A-0903,South,Pump,6,5119,2.96,67.5,4.82,0
A-0904,West,Sensor,8,14456,3.85,52.9,7.6,0
A-0905,South,Valve,10,10845,0.41,90.9,3.81,1
A-0906,North,Pump,3,7375,2.99,68.9,2.17,0
A-0907,East,Sensor,14,10600,2.17,67.7,3.11,0
A-0908,East,Pump,14,8356,2.64,53.8,6.79,0
A-0909,West,Pump,10,5901,3.05,95.9,5.46,0
A-0910,West,Valve,12,3522,2.27,59.5,4.77,0
A-0911,East,Pump,6,12175,2.38,75.7,4.08,1
A-0912,West,Valve,12,11412,2.24,86.0,5.87,0
A-0913,South,Pump,14,6238,3.66,80.1,3.47,1
A-0914,Central,Sensor,2,15626,3.0,74.3,5.55,0
A-0915,Central,Pump,9,2270,2.76,54.6,3.68,0
A-0916,South,Sensor,10,12805,0.97,65.3,3.38,1
A-0917,Central,Sensor,17,10469,2.05,77.3,3.85,1
A-0918,North,Pump,17,12904,3.58,65.6,4.32,1
A-0919,South,Sensor,3,9489,2.55,77.4,4.91,0
A-0920,West,Pump,19,3715,3.29,83.2,5.42,1
A-0921,South,Pump,1,12480,4.62,86.6,-1.64,1
A-0922,East,Sensor,12,7194,3.75,60.3,3.55,1
A-0923,West,Sensor,7,19860,2.61,101.4,4.3,0
A-0924,East,Valve,4,17636,1.89,84.2,7.71,0
A-0925,West,Sensor,10,11161,-0.56,75.0,3.06,1
A-0926,Central,Valve,13,1892,2.3,88.1,5.29,0
A-0927,South,Sensor,2,7289,2.11,103.4,7.69,0
A-0928,North,Pump,10,14885,2.97,57.7,2.64,0
A-0929,West,Sensor,4,17561,2.32,72.3,5.71,0
A-0930,West,Pump,18,605,2.12,46.5,3.56,0
A-0931,East,Pump,5,11979,0.36,77.3,4.09,0
A-0932,Central,Pump,19,2446,1.37,79.4,3.55,1
A-0933,East,Valve,2,6044,3.07,74.5,3.68,0
A-0934,East,Sensor,12,17979,4.56,67.1,9.9,0
A-0935,Central,Pump,17,13775,2.38,50.4,6.52,0
A-0936,North,Pump,10,7485,2.89,79.5,6.98,0
A-0937,East,Valve,2,2282,3.64,92.5,5.89,0
A-0938,East,Sensor,6,6713,1.53,67.9,2.11,0
A-0939,West,Sensor,8,14985,2.94,80.3,5.71,0
A-0940,Central,Valve,19,16105,1.61,56.2,6.93,1
A-0941,South,Valve,11,5369,3.54,80.5,3.46,0
A-0942,North,Sensor,12,18445,2.68,70.3,6.74,0
A-0943,North,Valve,9,10367,2.86,65.9,6.27,0
A-0944,Central,Sensor,2,4481,1.56,65.9,8.33,0
A-0945,West,Sensor,8,9993,3.35,70.3,4.25,0
A-0946,West,Pump,11,6182,5.0,79.6,3.02,1
A-0947,Central,Pump,4,6282,1.29,59.3,4.35,0
A-0948,West,Sensor,10,17827,2.09,70.2,7.58,0
A-0949,North,Sensor,16,9637,2.78,74.5,1.71,0
A-0950,North,Sensor,8,17484,3.44,61.8,1.28,0
A-0951,South,Sensor,4,13512,1.83,96.6,5.16,1
A-0952,Central,Sensor,10,2024,-0.9,64.8,4.2,0
A-0953,East,Sensor,12,17134,4.13,67.0,5.01,0
A-0954,East,Valve,14,578,3.41,63.3,6.7,0
A-0955,South,Sensor,16,3623,0.41,96.6,4.01,0
A-0956,South,Valve,18,7564,1.77,81.6,1.63,0
A-0957,West,Valve,12,13568,4.38,63.8,8.68,0
A-0958,South,Sensor,18,8917,4.24,88.3,3.2,1
A-0959,South,Sensor,7,13862,3.63,77.4,3.09,0
A-0960,East,Valve,7,1709,2.29,78.1,6.99,0
A-0961,West,Valve,9,5653,2.6,70.9,4.31,0
A-0962,South,Sensor,1,5398,2.34,66.0,4.89,1
A-0963,South,Sensor,6,19062,3.85,79.1,5.87,0
A-0964,West,Valve,6,11371,1.45,68.5,6.95,1
A-0965,Central,Valve,12,8110,1.53,96.8,4.4,1
A-0966,West,Valve,12,11577,3.71,59.8,7.74,1
A-0967,East,Pump,10,16291,2.45,93.4,1.16,0
A-0968,Central,Valve,6,3044,4.15,73.7,6.37,0
A-0969,North,Pump,17,6022,1.69,78.6,3.49,0
A-0970,West,Sensor,19,2870,2.43,85.0,7.47,0
A-0971,East,Sensor,18,5210,1.39,67.4,5.26,0
A-0972,Central,Valve,6,828,2.51,85.4,3.79,0
A-0973,West,Sensor,19,14183,0.73,42.5,6.19,1
A-0974,South,Sensor,10,6079,1.91,66.4,6.61,0
A-0975,West,Sensor,8,13622,0.78,63.9,6.16,0
A-0976,North,Sensor,6,7294,3.33,60.0,3.15,0
A-0977,West,Pump,7,620,3.36,72.4,4.13,0
A-0978,Central,Pump,1,7249,0.42,79.6,4.99,0
A-0979,Central,Valve,18,14263,4.1,83.4,4.93,0
A-0980,West,Valve,12,17848,5.5,77.9,6.35,0
A-0981,Central,Valve,16,15950,2.56,67.0,1.37,0
A-0982,South,Sensor,10,4175,1.73,79.4,5.6,1
A-0983,West,Sensor,10,18960,5.89,76.5,4.48,0
A-0984,South,Pump,14,6143,0.92,86.2,3.49,1
A-0985,South,Pump,10,12060,2.52,84.3,3.66,0
A-0986,East,Valve,10,18200,2.72,75.4,4.61,0
A-0987,West,Pump,11,18080,4.11,64.2,-1.48,0
A-0988,Central,Pump,2,15883,2.93,67.2,3.74,0
A-0989,South,Pump,8,3670,1.9,68.4,3.42,0
A-0990,East,Pump,7,855,1.36,71.2,5.96,0
A-0991,West,Pump,8,10218,2.09,78.2,3.55,0
A-0992,West,Valve,1,528,1.29,83.6,4.61,0
A-0993,North,Valve,2,15331,2.56,74.4,7.78,1
A-0994,North,Pump,18,17897,1.82,75.2,6.79,0
A-0995,South,Valve,15,11394,0.71,76.7,6.62,0
A-0996,North,Sensor,1,9519,4.01,68.8,4.1,0
A-0997,South,Pump,5,13138,1.9,63.9,5.98,0
A-0998,Central,Sensor,2,15389,0.98,53.9,4.58,0
A-0999,South,Valve,3,2524,2.3,66.7,4.65,0
